{
    "SiteUrl": "",
    "Domains": [
        "https://woog.nxog.eu.org"
    ],
    "SiteWord": "og",
    "SiteName": "欧歌",
    "Classes": [
        {
            "type_name": "电影",
            "type_id": "1"
        },
        {
            "type_name": "剧集",
            "type_id": "2"
        },
        {
            "type_name": "动漫",
            "type_id": "3"
        },
        {
            "type_name": "综艺",
            "type_id": "4"
        },
        {
            "type_name": "短剧",
            "type_id": "5"
        }
    ]
}